,Noiseless,Hardware_train,Hardware_perform,noisy_simulation_5_train,noisy_simulation_5_perform,noisy_simulation_10_train,noisy_simulation_10_perform,noisy_simulation_14_train,noisy_simulation_14_perform
0,1.0,0.9942057222973599,1.0072511434555054,1.0,1.0002161264419556,1.0,1.0021244287490845,1.0,1.0002797842025757
1,0.23874246416144873,0.27900059886963025,0.2649446725845337,0.2387424641614702,0.2546348571777344,0.2387424641614702,0.2504669427871704,0.2387424641614702,0.24238771200180054
2,0.04036166897400428,0.023559304490615385,0.11936318874359131,0.0403616689739968,0.07161575555801392,0.0403616689739968,0.05933535099029541,0.0403616689739968,0.1344844102859497
3,6.770145932755156e-08,1.9820433116990444e-07,0.16091656684875488,6.781817596390739e-08,0.05587434768676758,6.781817596390739e-08,0.024724483489990234,6.781817596390739e-08,0.13737845420837402
