Depth,Losses,Losses_Noisy,Alphas
0,1.0,0.998550764781303,(0.007759350351989269-0.009324087761342525j)
1,0.23874246416147027,0.2524354954393918,(-0.007452200632542372+0.0007641937118023634j)|(0.2740589380264282+0.005807475186884403j)
2,0.040361668973996845,2.054448990929103e-07,(0.02296782098710537-0.04027821868658066j)|(0.2757284343242645+0.006363097112625837j)|(0.05047425255179405-0.11592750996351242j)
3,6.781817596390738e-08,3.9183298849998494e-07,(0.026866313070058823-0.2603597640991211j)|(0.32349854707717896+0.015530046075582504j)|(0.051010482013225555-0.3459649384021759j)|(0.08628812432289124-0.004824268165975809j)
