Depth,Losses,Losses_Noisy,Alphas
0,1.0,0.9979871080521038,(-0.014570597559213638-6.267824210226536e-05j)
1,0.23874246416147027,0.3721367518411137,(0.0011447129072621465+0.018736334517598152j)|(0.24731366336345673-0.002612082753330469j)
2,0.040361668973996845,0.1712082952839451,(0.029994569718837738-0.08256788551807404j)|(0.2546186149120331-0.004654659889638424j)|(0.03664220869541168-0.1805250197649002j)
3,6.781817596390738e-08,0.13376359343547783,(0.03292533755302429-0.08444967865943909j)|(0.294000506401062-0.001253856928087771j)|(0.03662654757499695-0.1851516216993332j)|(0.07281556725502014+0.018269913271069527j)
