Depth,Losses,Losses_Noisy,Alphas
0,1.0,0.9997856696084744,(-1.5971641914802603e-05-0.004647745750844479j)
1,0.23874246416147027,0.25211368169700576,(-0.004887474235147238-0.008608902804553509j)|(0.2702952027320862+0.038205940276384354j)
2,0.040361668973996845,0.10356199753083628,(-0.016614709049463272-0.08994468301534653j)|(0.2678518295288086+0.045723918825387955j)|(-0.02703990787267685-0.14585769176483154j)
3,6.781817596390738e-08,0.024580054925831596,(-0.02232915535569191-0.09165693074464798j)|(0.31708961725234985+0.07786518335342407j)|(-0.02843785658478737-0.15122729539871216j)|(0.09382785111665726+0.05709502846002579j)
