Depth,Losses,Losses_Noisy,Alphas
0,1.0,0.9997489568441802,(0.0014562085270881653+0.0050834910944104195j)
1,0.23874246416147027,0.26472577239990114,(-0.002884551649913192-7.096272747730836e-05j)|(0.2807023227214813-0.018223607912659645j)
2,0.040361668973996845,1.4213007903940422e-07,(-0.004887064453214407-0.17284399271011353j)|(0.2994655668735504-0.006858988665044308j)|(-0.007776565384119749-0.2804683744907379j)
3,6.781817596390738e-08,5.2734178801472353e-08,(-0.0009720679954625666-0.10350208729505539j)|(0.44709739089012146-0.00703846151009202j)|(-0.011969185434281826-0.21906092762947083j)|(0.14266256988048553+0.005169273354113102j)
