Depth,Losses,Losses_Noisy,Alphas
0,1.0,0.992730603957563,(-0.012803832069039345+0.02498895302414894j)
1,0.23874246416147027,0.3760020014382106,(-0.002129517262801528+0.014061092399060726j)|(0.2610900104045868+0.012930831871926785j)
2,0.040361668973996845,0.09714357116430228,(0.05099884048104286-0.11604175716638565j)|(0.29152774810791016+0.0030636792071163654j)|(0.06954961270093918-0.2322927862405777j)
3,6.781817596390738e-08,0.045602454533541836,(0.04832856357097626-0.12125784903764725j)|(0.3457358479499817+0.011175863444805145j)|(0.06782018393278122-0.2304171770811081j)|(0.09719283133745193+0.017388474196195602j)
